id_penjualan,id_invoice,tanggal,id_barang,nama_barang,harga,unit,jumlah_barang,total_harga_per_barang,mata_uang,kode_barang,brand_id,id_customer,nama_customer,cabang_sales,id_distributor,group_category
IN5997_BRG0001,IN5997,2022-1-20,BRG0001,"ACYCLOVIR DUS","1169,91",DUS,1,1169,IDR,BRG0001,BRND001,CUST55380,"APOTEK TAPAK",Aceh,TD,Apotek
IN6297_BRG0002,IN6297,2022-1-20,BRG0002,"ALERGINE TABLET SALUT","2337,5",DUS,5,11685,IDR,BRG0002,BRND002,CUST55381,"APOTEK MAJA",Kuningan,TD,Apotek
IN6155_BRG0003,IN6155,2022-1-21,BRG0003,AMPICILLIN,"10690,6",DUS,9,96210,IDR,BRG0003,BRND003,CUST55382,"KLINIK GM",Jakarta,TA,Klinik
IN6144_BRG0004,IN6144,2022-1-22,BRG0004,"TRAMADOL KAPSUL 50 MG","8700,7",DUS,13,113100,IDR,BRG0004,BRND004,CUST55383,"APOTEK MERDEKA",Bandung,EPM,Apotek
IN6280_BRG0005,IN6280,2022-1-23,BRG0005,"KLORPROMAZINA TABLET SALUT SELAPUT 100 MG","5648,3",DUS,1,5648,IDR,BRG0005,BRND005,CUST55384,"KLINIK SAHABAT",Tangerang,TD,Klinik
IN6052_BRG0006,IN6052,2022-1-23,BRG0006,"KETOCONAZOLE TABLET 200 MG","2819,2",DUS,5,14095,IDR,BRG0006,BRND006,CUST55385,"APOTEK SINAR JAYA",Bekasi,TA,Apotek
IN6089_BRG0007,IN6089,2022-1-25,BRG0007,"ERGOTAMINE COFFEINE","4592,1",DUS,9,41328,IDR,BRG0007,BRND007,CUST55386,"APOTEK SAHABAT",Padang,EPM,Apotek
IN6251_BRG0008,IN6251,2022-1-23,BRG0008,"TETRACYCLINE KAPSUL 250 MG","3991,9",DUS,1,3991,IDR,BRG0008,BRND008,CUST55387,"APOTEK TAPAK",Aceh,TD,Apotek
IN6036_BRG0009,IN6036,2022-1-27,BRG0009,"AMBROXOL HC","5780,7",DUS,23,132940,IDR,BRG0009,BRND009,CUST55388,"APOTEK MAJA",Kuningan,TA,Apotek
IN6029_BRG0010,IN6029,2022-1-28,BRG0010,PARACETAMOL,"6940,3",DUS,4,27760,IDR,BRG0010,BRND010,CUST55389,"KLINIK GM",Jakarta,EPM,Klinik
IN6190_BRG0001,IN6190,2022-1-23,BRG0001,"ACYCLOVIR DUS","1169,91",DUS,2,2338,IDR,BRG0001,BRND001,CUST55390,"APOTEK MERDEKA",Bandung,TD,Apotek
IN6287_BRG0002,IN6287,2022-1-30,BRG0002,"ALERGINE TABLET SALUT","2337,5",DUS,17,39729,IDR,BRG0002,BRND002,CUST55391,"KLINIK SAHABAT",Tangerang,TD,Klinik
IN6102_BRG0003,IN6102,2022-1-31,BRG0003,AMPICILLIN,"10690,6",DUS,11,117590,IDR,BRG0003,BRND003,CUST55392,"APOTEK SINAR JAYA",Bekasi,TA,Apotek
IN6301_BRG0004,IN6301,2022-2-1,BRG0004,"TRAMADOL KAPSUL 50 MG","8700,7",DUS,12,104400,IDR,BRG0004,BRND004,CUST55393,"APOTEK SAHABAT",Padang,EPM,Apotek
IN6024_BRG0005,IN6024,2022-1-27,BRG0005,"KLORPROMAZINA TABLET SALUT SELAPUT 100 MG","5648,3",DUS,12,67776,IDR,BRG0005,BRND005,CUST55394,"KLINIK DR. ANDRI",Lampung,TD,Klinik
IN6184_BRG0006,IN6184,2022-1-28,BRG0006,"KETOCONAZOLE TABLET 200 MG","2819,2",DUS,25,70475,IDR,BRG0006,BRND006,CUST55395,"APOTEK TAPAK",Aceh,TA,Apotek
IN6307_BRG0007,IN6307,2022-1-23,BRG0007,"ERGOTAMINE COFFEINE","4592,1",DUS,14,64288,IDR,BRG0007,BRND007,CUST55396,"APOTEK MAJA",Kuningan,EPM,Apotek
IN6245_BRG0008,IN6245,2022-1-30,BRG0008,"TETRACYCLINE KAPSUL 250 MG","3991,9",DUS,34,135694,IDR,BRG0008,BRND008,CUST55397,"KLINIK GM",Jakarta,TD,Klinik
IN6195_BRG0009,IN6195,2022-1-31,BRG0009,"AMBROXOL HC","5780,7",DUS,67,387260,IDR,BRG0009,BRND009,CUST55398,"APOTEK MERDEKA",Bandung,TA,Apotek
IN6023_BRG0010,IN6023,2022-2-1,BRG0010,PARACETAMOL,"6940,3",DUS,15,104100,IDR,BRG0010,BRND010,CUST55399,"KLINIK SAHABAT",Tangerang,EPM,Klinik
IN6113_BRG0001,IN6113,2022-1-27,BRG0001,"ACYCLOVIR DUS","1169,91",DUS,12,14028,IDR,BRG0001,BRND001,CUST55400,"APOTEK SINAR JAYA",Bekasi,TD,Apotek
IN6141_BRG0002,IN6141,2022-1-28,BRG0002,"ALERGINE TABLET SALUT","2337,5",DUS,25,58425,IDR,BRG0002,BRND002,CUST55401,"APOTEK SAHABAT",Padang,TD,Apotek
IN6125_BRG0003,IN6125,2022-1-23,BRG0003,AMPICILLIN,"10690,6",DUS,14,149660,IDR,BRG0003,BRND003,CUST55402,"APOTEK TAPAK",Aceh,TA,Apotek
IN6176_BRG0004,IN6176,2022-1-30,BRG0004,"TRAMADOL KAPSUL 50 MG","8700,7",DUS,18,156600,IDR,BRG0004,BRND004,CUST55403,"APOTEK MAJA",Kuningan,EPM,Apotek
IN6175_BRG0005,IN6175,2022-1-31,BRG0005,"KLORPROMAZINA TABLET SALUT SELAPUT 100 MG","5648,3",DUS,18,101664,IDR,BRG0005,BRND005,CUST55404,"KLINIK GM",Jakarta,TD,Klinik
IN6259_BRG0006,IN6259,2022-2-1,BRG0006,"KETOCONAZOLE TABLET 200 MG","2819,2",DUS,19,53561,IDR,BRG0006,BRND006,CUST55405,"APOTEK MERDEKA",Bandung,TA,Apotek
IN6173_BRG0001,IN6173,2022-1-27,BRG0001,"ACYCLOVIR DUS","4592,1",DUS,12,55104,IDR,BRG0001,BRND007,CUST55406,"KLINIK SAHABAT",Tangerang,EPM,Klinik
IN6013_BRG0002,IN6013,2022-1-28,BRG0002,"ALERGINE TABLET SALUT","3991,9",DUS,25,99775,IDR,BRG0002,BRND008,CUST55407,"APOTEK SINAR JAYA",Bekasi,TD,Apotek
IN6086_BRG0003,IN6086,2022-1-23,BRG0003,AMPICILLIN,"5780,7",DUS,14,80920,IDR,BRG0003,BRND009,CUST55408,"APOTEK SAHABAT",Padang,TD,Apotek
IN6108_BRG0004,IN6108,2022-1-30,BRG0004,"TRAMADOL KAPSUL 50 MG","6940,3",DUS,21,145740,IDR,BRG0004,BRND010,CUST55409,"KLINIK DR. ANDRI",Lampung,TA,Klinik
IN6321_BRG0001,IN6321,2022-1-31,BRG0001,"ACYCLOVIR DUS","1169,91",DUS,22,25718,IDR,BRG0001,BRND001,CUST55410,"APOTEK TAPAK",Aceh,EPM,Apotek
IN5994_BRG0002,IN5994,2022-2-1,BRG0002,"ALERGINE TABLET SALUT","2337,5",DUS,12,28044,IDR,BRG0002,BRND002,CUST55411,"APOTEK MAJA",Kuningan,TD,Apotek
IN6146_BRG0003,IN6146,2022-1-27,BRG0003,AMPICILLIN,"10690,6",DUS,25,267250,IDR,BRG0003,BRND003,CUST55412,"KLINIK GM",Jakarta,TA,Klinik
IN6230_BRG0004,IN6230,2022-1-28,BRG0004,"TRAMADOL KAPSUL 50 MG","8700,7",DUS,14,121800,IDR,BRG0004,BRND004,CUST55413,"APOTEK MERDEKA",Bandung,EPM,Apotek
IN5991_BRG0005,IN5991,2022-1-23,BRG0005,"KLORPROMAZINA TABLET SALUT SELAPUT 100 MG","5648,3",DUS,24,135552,IDR,BRG0005,BRND005,CUST55414,"KLINIK SAHABAT",Tangerang,TD,Klinik
IN6281_BRG0006,IN6281,2022-1-30,BRG0006,"KETOCONAZOLE TABLET 200 MG","2819,2",DUS,10,28190,IDR,BRG0006,BRND006,CUST55415,"APOTEK SINAR JAYA",Bekasi,TA,Apotek
IN6226_BRG0007,IN6226,2022-1-31,BRG0007,"ERGOTAMINE COFFEINE","4592,1",DUS,23,105616,IDR,BRG0007,BRND007,CUST55416,"APOTEK SAHABAT",Padang,EPM,Apotek
IN6063_BRG0008,IN6063,2022-2-1,BRG0008,"TETRACYCLINE KAPSUL 250 MG","3991,9",DUS,12,47892,IDR,BRG0008,BRND008,CUST55417,"APOTEK TAPAK",Aceh,TD,Apotek
IN6131_BRG0009,IN6131,2022-1-27,BRG0009,"AMBROXOL HC","5780,7",DUS,10,57800,IDR,BRG0009,BRND009,CUST55418,"APOTEK MAJA",Kuningan,TD,Apotek
IN6262_BRG0010,IN6262,2022-1-28,BRG0010,PARACETAMOL,"6940,3",DUS,67,464980,IDR,BRG0010,BRND010,CUST55419,"KLINIK GM",Jakarta,TA,Klinik
IN6028_BRG0001,IN6028,2022-1-23,BRG0001,"ACYCLOVIR DUS","1169,91",DUS,98,114562,IDR,BRG0001,BRND001,CUST55420,"APOTEK MERDEKA",Bandung,EPM,Apotek
IN6163_BRG0002,IN6163,2022-1-30,BRG0002,"ALERGINE TABLET SALUT","2337,5",DUS,5,11685,IDR,BRG0002,BRND002,CUST55421,"KLINIK SAHABAT",Tangerang,TD,Klinik
IN6191_BRG0003,IN6191,2022-1-31,BRG0003,AMPICILLIN,"10690,6",DUS,4,42760,IDR,BRG0003,BRND003,CUST55422,"APOTEK SINAR JAYA",Bekasi,TA,Apotek
IN6274_BRG0004,IN6274,2022-2-1,BRG0004,"TRAMADOL KAPSUL 50 MG","8700,7",DUS,8,69600,IDR,BRG0004,BRND004,CUST55423,"APOTEK SAHABAT",Padang,EPM,Apotek
IN6003_BRG0005,IN6003,2022-1-27,BRG0005,"KLORPROMAZINA TABLET SALUT SELAPUT 100 MG","5648,3",DUS,9,50832,IDR,BRG0005,BRND005,CUST55424,"KLINIK DR. ANDRI",Lampung,TD,Klinik
IN6247_BRG0006,IN6247,2022-1-28,BRG0006,"KETOCONAZOLE TABLET 200 MG","2819,2",DUS,10,28190,IDR,BRG0006,BRND006,CUST55425,"APOTEK TAPAK",Aceh,TA,Apotek
IN6311_BRG0007,IN6311,2022-1-23,BRG0007,"ERGOTAMINE COFFEINE","4592,1",DUS,7,32144,IDR,BRG0007,BRND007,CUST55426,"APOTEK MAJA",Kuningan,EPM,Apotek
IN6248_BRG0008,IN6248,2022-1-30,BRG0008,"TETRACYCLINE KAPSUL 250 MG","3991,9",DUS,100,399100,IDR,BRG0008,BRND008,CUST55427,"KLINIK GM",Jakarta,TD,Klinik
IN6042_BRG0009,IN6042,2022-1-31,BRG0009,"AMBROXOL HC","5780,7",DUS,67,387260,IDR,BRG0009,BRND009,CUST55428,"APOTEK MERDEKA",Bandung,TD,Apotek
IN6133_BRG0010,IN6133,2022-2-1,BRG0010,PARACETAMOL,"6940,3",DUS,78,541320,IDR,BRG0010,BRND010,CUST55429,"KLINIK SAHABAT",Tangerang,TA,Klinik
IN6306_BRG0001,IN6306,2022-1-27,BRG0001,"ACYCLOVIR DUS","1169,91",DUS,45,52605,IDR,BRG0001,BRND001,CUST55430,"APOTEK SINAR JAYA",Bekasi,EPM,Apotek
IN6253_BRG0002,IN6253,2022-1-28,BRG0002,"ALERGINE TABLET SALUT","2337,5",DUS,34,79458,IDR,BRG0002,BRND002,CUST55431,"APOTEK SAHABAT",Padang,TD,Apotek
IN5980_BRG0003,IN5980,2022-1-23,BRG0003,AMPICILLIN,"10690,6",DUS,20,213800,IDR,BRG0003,BRND003,CUST55432,"APOTEK TAPAK",Aceh,TA,Apotek
IN6104_BRG0004,IN6104,2022-1-30,BRG0004,"TRAMADOL KAPSUL 50 MG","8700,7",DUS,45,391500,IDR,BRG0004,BRND004,CUST55433,"APOTEK MAJA",Kuningan,EPM,Apotek
IN6050_BRG0005,IN6050,2022-1-31,BRG0005,"KLORPROMAZINA TABLET SALUT SELAPUT 100 MG","5648,3",DUS,34,192032,IDR,BRG0005,BRND005,CUST55434,"KLINIK GM",Jakarta,TD,Klinik
IN6054_BRG0006,IN6054,2022-2-1,BRG0006,"KETOCONAZOLE TABLET 200 MG","2819,2",DUS,34,95846,IDR,BRG0006,BRND006,CUST55435,"APOTEK MERDEKA",Bandung,TD,Apotek
IN6219_BRG0001,IN6219,2022-1-27,BRG0001,"ACYCLOVIR DUS","4592,1",DUS,34,156128,IDR,BRG0001,BRND007,CUST55436,"KLINIK SAHABAT",Tangerang,TA,Klinik
IN6053_BRG0002,IN6053,2022-1-28,BRG0002,"ALERGINE TABLET SALUT","3991,9",DUS,44,175604,IDR,BRG0002,BRND008,CUST55437,"APOTEK SINAR JAYA",Bekasi,EPM,Apotek
IN6217_BRG0003,IN6217,2022-1-23,BRG0003,AMPICILLIN,"5780,7",DUS,5,28900,IDR,BRG0003,BRND009,CUST55438,"APOTEK SAHABAT",Padang,TD,Apotek
IN6323_BRG0004,IN6323,2022-1-30,BRG0004,"TRAMADOL KAPSUL 50 MG","6940,3",DUS,6,41640,IDR,BRG0004,BRND010,CUST55439,"KLINIK DR. ANDRI",Lampung,TA,Klinik
IN6241_BRG0001,IN6241,2022-1-31,BRG0001,"ACYCLOVIR DUS","1169,91",DUS,79,92351,IDR,BRG0001,BRND001,CUST55440,"APOTEK TAPAK",Aceh,EPM,Apotek
IN6134_BRG0002,IN6134,2022-2-1,BRG0002,"ALERGINE TABLET SALUT","2337,5",DUS,12,28044,IDR,BRG0002,BRND002,CUST55441,"APOTEK MAJA",Kuningan,TD,Apotek
IN6124_BRG0003,IN6124,2022-1-27,BRG0003,AMPICILLIN,"10690,6",DUS,95,1015550,IDR,BRG0003,BRND003,CUST55442,"KLINIK GM",Jakarta,TA,Klinik
IN5981_BRG0004,IN5981,2022-1-28,BRG0004,"TRAMADOL KAPSUL 50 MG","8700,7",DUS,76,661200,IDR,BRG0004,BRND004,CUST55443,"APOTEK MERDEKA",Bandung,EPM,Apotek
IN6220_BRG0005,IN6220,2022-1-23,BRG0005,"KLORPROMAZINA TABLET SALUT SELAPUT 100 MG","5648,3",DUS,48,271104,IDR,BRG0005,BRND005,CUST55444,"KLINIK SAHABAT",Tangerang,TD,Klinik
IN6122_BRG0006,IN6122,2022-1-30,BRG0006,"KETOCONAZOLE TABLET 200 MG","2819,2",DUS,21,59199,IDR,BRG0006,BRND006,CUST55445,"APOTEK SINAR JAYA",Bekasi,TD,Apotek
IN6255_BRG0007,IN6255,2022-1-31,BRG0007,"ERGOTAMINE COFFEINE","4592,1",DUS,22,101024,IDR,BRG0007,BRND007,CUST55446,"APOTEK SAHABAT",Padang,TA,Apotek
IN6005_BRG0008,IN6005,2022-2-1,BRG0008,"TETRACYCLINE KAPSUL 250 MG","3991,9",DUS,12,47892,IDR,BRG0008,BRND008,CUST55447,"APOTEK TAPAK",Aceh,EPM,Apotek
IN6327_BRG0009,IN6327,2022-1-27,BRG0009,"AMBROXOL HC","5780,7",DUS,25,144500,IDR,BRG0009,BRND009,CUST55448,"APOTEK MAJA",Kuningan,TD,Apotek
IN6119_BRG0010,IN6119,2022-1-28,BRG0010,PARACETAMOL,"6940,3",DUS,14,97160,IDR,BRG0010,BRND010,CUST55449,"KLINIK GM",Jakarta,TA,Klinik
IN6233_BRG0001,IN6233,2022-1-23,BRG0001,"ACYCLOVIR DUS","1169,91",DUS,24,28056,IDR,BRG0001,BRND001,CUST55450,"APOTEK MERDEKA",Bandung,EPM,Apotek
IN6235_BRG0002,IN6235,2022-1-30,BRG0002,"ALERGINE TABLET SALUT","2337,5",DUS,10,23370,IDR,BRG0002,BRND002,CUST55451,"KLINIK SAHABAT",Tangerang,TD,Klinik
IN6263_BRG0003,IN6263,2022-1-31,BRG0003,AMPICILLIN,"10690,6",DUS,130,1389700,IDR,BRG0003,BRND003,CUST55452,"APOTEK SINAR JAYA",Bekasi,TA,Apotek
IN6269_BRG0004,IN6269,2022-2-1,BRG0004,"TRAMADOL KAPSUL 50 MG","8700,7",DUS,12,104400,IDR,BRG0004,BRND004,CUST55453,"APOTEK SAHABAT",Padang,EPM,Apotek
IN6188_BRG0005,IN6188,2022-1-27,BRG0005,"KLORPROMAZINA TABLET SALUT SELAPUT 100 MG","5648,3",DUS,10,56480,IDR,BRG0005,BRND005,CUST55454,"KLINIK DR. ANDRI",Lampung,TD,Klinik
IN6116_BRG0006,IN6116,2022-1-28,BRG0006,"KETOCONAZOLE TABLET 200 MG","2819,2",DUS,67,188873,IDR,BRG0006,BRND006,CUST55455,"APOTEK TAPAK",Aceh,TD,Apotek
IN6216_BRG0007,IN6216,2022-1-23,BRG0007,"ERGOTAMINE COFFEINE","4592,1",DUS,98,450016,IDR,BRG0007,BRND007,CUST55456,"APOTEK MAJA",Kuningan,TA,Apotek
IN6099_BRG0008,IN6099,2022-1-30,BRG0008,"TETRACYCLINE KAPSUL 250 MG","3991,9",DUS,5,19955,IDR,BRG0008,BRND008,CUST55457,"KLINIK GM",Jakarta,EPM,Klinik
IN6326_BRG0009,IN6326,2022-1-31,BRG0009,"AMBROXOL HC","5780,7",DUS,4,23120,IDR,BRG0009,BRND009,CUST55458,"APOTEK MERDEKA",Bandung,TD,Apotek
IN6267_BRG0010,IN6267,2022-2-1,BRG0010,PARACETAMOL,"6940,3",DUS,8,55520,IDR,BRG0010,BRND010,CUST55459,"KLINIK SAHABAT",Tangerang,TA,Klinik
IN6238_BRG0001,IN6238,2022-1-27,BRG0001,"ACYCLOVIR DUS","1169,91",DUS,9,10521,IDR,BRG0001,BRND001,CUST55460,"APOTEK SINAR JAYA",Bekasi,EPM,Apotek
IN6214_BRG0002,IN6214,2022-1-28,BRG0002,"ALERGINE TABLET SALUT","2337,5",DUS,21,49077,IDR,BRG0002,BRND002,CUST55461,"APOTEK SAHABAT",Padang,TD,Apotek
IN6318_BRG0003,IN6318,2022-1-23,BRG0003,AMPICILLIN,"10690,6",DUS,22,235180,IDR,BRG0003,BRND003,CUST55462,"APOTEK TAPAK",Aceh,TD,Apotek
IN6256_BRG0004,IN6256,2022-1-30,BRG0004,"TRAMADOL KAPSUL 50 MG","8700,7",DUS,12,104400,IDR,BRG0004,BRND004,CUST55463,"APOTEK MAJA",Kuningan,TA,Apotek
IN6048_BRG0005,IN6048,2022-1-31,BRG0005,"KLORPROMAZINA TABLET SALUT SELAPUT 100 MG","5648,3",DUS,25,141200,IDR,BRG0005,BRND005,CUST55464,"KLINIK GM",Jakarta,EPM,Klinik
IN6120_BRG0006,IN6120,2022-2-1,BRG0006,"KETOCONAZOLE TABLET 200 MG","2819,2",DUS,14,39466,IDR,BRG0006,BRND006,CUST55465,"APOTEK MERDEKA",Bandung,TD,Apotek
IN6161_BRG0001,IN6161,2022-1-27,BRG0001,"ACYCLOVIR DUS","4592,1",DUS,24,110208,IDR,BRG0001,BRND007,CUST55466,"KLINIK SAHABAT",Tangerang,TA,Klinik
IN6292_BRG0002,IN6292,2022-1-28,BRG0002,"ALERGINE TABLET SALUT","3991,9",DUS,10,39910,IDR,BRG0002,BRND008,CUST55467,"APOTEK SINAR JAYA",Bekasi,EPM,Apotek
IN6286_BRG0003,IN6286,2022-1-23,BRG0003,AMPICILLIN,"5780,7",DUS,120,693600,IDR,BRG0003,BRND009,CUST55468,"APOTEK SAHABAT",Padang,TD,Apotek
IN6008_BRG0004,IN6008,2022-1-30,BRG0004,"TRAMADOL KAPSUL 50 MG","6940,3",DUS,12,83280,IDR,BRG0004,BRND010,CUST55469,"KLINIK DR. ANDRI",Lampung,TA,Klinik
IN6040_BRG0001,IN6040,2022-1-31,BRG0001,"ACYCLOVIR DUS","1169,91",DUS,10,11690,IDR,BRG0001,BRND001,CUST55470,"APOTEK TAPAK",Aceh,EPM,Apotek
IN6084_BRG0002,IN6084,2022-2-1,BRG0002,"ALERGINE TABLET SALUT","2337,5",DUS,67,156579,IDR,BRG0002,BRND002,CUST55471,"APOTEK MAJA",Kuningan,TD,Apotek
IN6074_BRG0003,IN6074,2022-1-27,BRG0003,AMPICILLIN,"10690,6",DUS,98,1047620,IDR,BRG0003,BRND003,CUST55472,"KLINIK GM",Jakarta,TD,Klinik
IN6200_BRG0004,IN6200,2022-1-28,BRG0004,"TRAMADOL KAPSUL 50 MG","8700,7",DUS,5,43500,IDR,BRG0004,BRND004,CUST55473,"APOTEK MERDEKA",Bandung,TA,Apotek
IN6065_BRG0005,IN6065,2022-1-23,BRG0005,"KLORPROMAZINA TABLET SALUT SELAPUT 100 MG","5648,3",DUS,4,22592,IDR,BRG0005,BRND005,CUST55474,"KLINIK SAHABAT",Tangerang,EPM,Klinik
IN6208_BRG0006,IN6208,2022-1-30,BRG0006,"KETOCONAZOLE TABLET 200 MG","2819,2",DUS,8,22552,IDR,BRG0006,BRND006,CUST55475,"APOTEK SINAR JAYA",Bekasi,TD,Apotek
IN6148_BRG0007,IN6148,2022-1-31,BRG0007,"ERGOTAMINE COFFEINE","4592,1",DUS,9,41328,IDR,BRG0007,BRND007,CUST55476,"APOTEK SAHABAT",Padang,TA,Apotek
IN6072_BRG0008,IN6072,2022-2-1,BRG0008,"TETRACYCLINE KAPSUL 250 MG","3991,9",DUS,1,3991,IDR,BRG0008,BRND008,CUST55477,"APOTEK TAPAK",Aceh,EPM,Apotek
IN6095_BRG0009,IN6095,2022-1-27,BRG0009,"AMBROXOL HC","5780,7",DUS,5,28900,IDR,BRG0009,BRND009,CUST55478,"APOTEK MAJA",Kuningan,TD,Apotek
IN6049_BRG0010,IN6049,2022-1-28,BRG0010,PARACETAMOL,"6940,3",DUS,9,62460,IDR,BRG0010,BRND010,CUST55479,"KLINIK GM",Jakarta,TA,Klinik
IN6039_BRG0001,IN6039,2022-1-23,BRG0001,"ACYCLOVIR DUS","1169,91",DUS,13,15197,IDR,BRG0001,BRND001,CUST55480,"APOTEK MERDEKA",Bandung,EPM,Apotek
IN6276_BRG0002,IN6276,2022-1-30,BRG0002,"ALERGINE TABLET SALUT","2337,5",DUS,1,2337,IDR,BRG0002,BRND002,CUST55481,"KLINIK SAHABAT",Tangerang,TD,Klinik
IN6015_BRG0003,IN6015,2022-1-31,BRG0003,AMPICILLIN,"10690,6",DUS,5,53450,IDR,BRG0003,BRND003,CUST55482,"APOTEK SINAR JAYA",Bekasi,TD,Apotek
IN6185_BRG0004,IN6185,2022-2-1,BRG0004,"TRAMADOL KAPSUL 50 MG","8700,7",DUS,9,78300,IDR,BRG0004,BRND004,CUST55483,"APOTEK SAHABAT",Padang,TA,Apotek
IN6258_BRG0005,IN6258,2022-1-27,BRG0005,"KLORPROMAZINA TABLET SALUT SELAPUT 100 MG","5648,3",DUS,1,5648,IDR,BRG0005,BRND005,CUST55484,"KLINIK DR. ANDRI",Lampung,EPM,Klinik
IN6070_BRG0006,IN6070,2022-1-28,BRG0006,"KETOCONAZOLE TABLET 200 MG","2819,2",DUS,23,64837,IDR,BRG0006,BRND006,CUST55485,"APOTEK TAPAK",Aceh,TD,Apotek
IN6210_BRG0007,IN6210,2022-1-23,BRG0007,"ERGOTAMINE COFFEINE","4592,1",DUS,4,18368,IDR,BRG0007,BRND007,CUST55486,"APOTEK MAJA",Kuningan,TA,Apotek
IN6083_BRG0008,IN6083,2022-1-30,BRG0008,"TETRACYCLINE KAPSUL 250 MG","3991,9",DUS,2,7982,IDR,BRG0008,BRND008,CUST55487,"KLINIK GM",Jakarta,EPM,Klinik
IN6322_BRG0009,IN6322,2022-1-31,BRG0009,"AMBROXOL HC","5780,7",DUS,17,98260,IDR,BRG0009,BRND009,CUST55488,"APOTEK MERDEKA",Bandung,TD,Apotek
IN6291_BRG0010,IN6291,2022-2-1,BRG0010,PARACETAMOL,"6940,3",DUS,11,76340,IDR,BRG0010,BRND010,CUST55489,"KLINIK SAHABAT",Tangerang,TD,Klinik
IN6062_BRG0001,IN6062,2022-1-27,BRG0001,"ACYCLOVIR DUS","1169,91",DUS,12,14028,IDR,BRG0001,BRND001,CUST55490,"APOTEK SINAR JAYA",Bekasi,TA,Apotek
IN6167_BRG0002,IN6167,2022-1-28,BRG0002,"ALERGINE TABLET SALUT","2337,5",DUS,12,28044,IDR,BRG0002,BRND002,CUST55491,"APOTEK SAHABAT",Padang,EPM,Apotek
IN6289_BRG0003,IN6289,2022-1-23,BRG0003,AMPICILLIN,"10690,6",DUS,25,267250,IDR,BRG0003,BRND003,CUST55492,"APOTEK TAPAK",Aceh,TD,Apotek
IN6305_BRG0004,IN6305,2022-1-30,BRG0004,"TRAMADOL KAPSUL 50 MG","8700,7",DUS,14,121800,IDR,BRG0004,BRND004,CUST55493,"APOTEK MAJA",Kuningan,TA,Apotek
IN6079_BRG0005,IN6079,2022-1-31,BRG0005,"KLORPROMAZINA TABLET SALUT SELAPUT 100 MG","5648,3",DUS,34,192032,IDR,BRG0005,BRND005,CUST55494,"KLINIK GM",Jakarta,EPM,Klinik
IN6320_BRG0006,IN6320,2022-2-1,BRG0006,"KETOCONAZOLE TABLET 200 MG","2819,2",DUS,67,188873,IDR,BRG0006,BRND006,CUST55495,"APOTEK MERDEKA",Bandung,TD,Apotek
IN6103_BRG0001,IN6103,2022-1-27,BRG0001,"ACYCLOVIR DUS","4592,1",DUS,15,68880,IDR,BRG0001,BRND007,CUST55496,"KLINIK SAHABAT",Tangerang,TA,Klinik
IN6172_BRG0002,IN6172,2022-1-28,BRG0002,"ALERGINE TABLET SALUT","3991,9",DUS,12,47892,IDR,BRG0002,BRND008,CUST55497,"APOTEK SINAR JAYA",Bekasi,EPM,Apotek
IN6183_BRG0003,IN6183,2022-1-23,BRG0003,AMPICILLIN,"5780,7",DUS,25,144500,IDR,BRG0003,BRND009,CUST55498,"APOTEK SAHABAT",Padang,TD,Apotek
IN6278_BRG0004,IN6278,2022-1-30,BRG0004,"TRAMADOL KAPSUL 50 MG","6940,3",DUS,14,97160,IDR,BRG0004,BRND010,CUST55499,"KLINIK DR. ANDRI",Lampung,TD,Klinik
IN6186_BRG0001,IN6186,2022-1-31,BRG0001,"ACYCLOVIR DUS","1169,91",DUS,18,21042,IDR,BRG0001,BRND001,CUST55500,"APOTEK TAPAK",Aceh,TA,Apotek
IN6211_BRG0002,IN6211,2022-2-1,BRG0002,"ALERGINE TABLET SALUT","2337,5",DUS,18,42066,IDR,BRG0002,BRND002,CUST55501,"APOTEK MAJA",Kuningan,EPM,Apotek
IN6118_BRG0003,IN6118,2022-1-27,BRG0003,AMPICILLIN,"10690,6",DUS,19,203110,IDR,BRG0003,BRND003,CUST55502,"KLINIK GM",Jakarta,TD,Klinik
IN6162_BRG0004,IN6162,2022-1-28,BRG0004,"TRAMADOL KAPSUL 50 MG","8700,7",DUS,12,104400,IDR,BRG0004,BRND004,CUST55503,"APOTEK MERDEKA",Bandung,TA,Apotek
IN6221_BRG0005,IN6221,2022-1-23,BRG0005,"KLORPROMAZINA TABLET SALUT SELAPUT 100 MG","5648,3",DUS,25,141200,IDR,BRG0005,BRND005,CUST55504,"KLINIK SAHABAT",Tangerang,EPM,Klinik
IN6170_BRG0006,IN6170,2022-1-30,BRG0006,"KETOCONAZOLE TABLET 200 MG","2819,2",DUS,14,39466,IDR,BRG0006,BRND006,CUST55505,"APOTEK SINAR JAYA",Bekasi,TD,Apotek
IN6045_BRG0007,IN6045,2022-1-31,BRG0007,"ERGOTAMINE COFFEINE","4592,1",DUS,21,96432,IDR,BRG0007,BRND007,CUST55506,"APOTEK SAHABAT",Padang,TA,Apotek
IN6300_BRG0008,IN6300,2022-2-1,BRG0008,"TETRACYCLINE KAPSUL 250 MG","3991,9",DUS,22,87802,IDR,BRG0008,BRND008,CUST55507,"APOTEK TAPAK",Aceh,EPM,Apotek
IN6228_BRG0009,IN6228,2022-1-27,BRG0009,"AMBROXOL HC","5780,7",DUS,12,69360,IDR,BRG0009,BRND009,CUST55508,"APOTEK MAJA",Kuningan,TD,Apotek
IN6199_BRG0010,IN6199,2022-1-28,BRG0010,PARACETAMOL,"6940,3",DUS,25,173500,IDR,BRG0010,BRND010,CUST55509,"KLINIK GM",Jakarta,TD,Klinik
IN6215_BRG0001,IN6215,2022-1-23,BRG0001,"ACYCLOVIR DUS","1169,91",DUS,14,16366,IDR,BRG0001,BRND001,CUST55510,"APOTEK MERDEKA",Bandung,TA,Apotek
IN6107_BRG0002,IN6107,2022-1-30,BRG0002,"ALERGINE TABLET SALUT","2337,5",DUS,24,56088,IDR,BRG0002,BRND002,CUST55511,"KLINIK SAHABAT",Tangerang,EPM,Klinik
IN6152_BRG0003,IN6152,2022-1-31,BRG0003,AMPICILLIN,"10690,6",DUS,10,106900,IDR,BRG0003,BRND003,CUST55512,"APOTEK SINAR JAYA",Bekasi,TD,Apotek
IN6017_BRG0004,IN6017,2022-2-1,BRG0004,"TRAMADOL KAPSUL 50 MG","8700,7",DUS,23,200100,IDR,BRG0004,BRND004,CUST55513,"APOTEK SAHABAT",Padang,TA,Apotek
IN6299_BRG0005,IN6299,2022-1-27,BRG0005,"KLORPROMAZINA TABLET SALUT SELAPUT 100 MG","5648,3",DUS,12,67776,IDR,BRG0005,BRND005,CUST55514,"KLINIK DR. ANDRI",Lampung,EPM,Klinik
IN6064_BRG0006,IN6064,2022-1-28,BRG0006,"KETOCONAZOLE TABLET 200 MG","2819,2",DUS,10,28190,IDR,BRG0006,BRND006,CUST55515,"APOTEK TAPAK",Aceh,TD,Apotek
IN6308_BRG0007,IN6308,2022-1-23,BRG0007,"ERGOTAMINE COFFEINE","4592,1",DUS,67,307664,IDR,BRG0007,BRND007,CUST55516,"APOTEK MAJA",Kuningan,TD,Apotek
IN6038_BRG0008,IN6038,2022-1-30,BRG0008,"TETRACYCLINE KAPSUL 250 MG","3991,9",DUS,98,391118,IDR,BRG0008,BRND008,CUST55517,"KLINIK GM",Jakarta,TA,Klinik
IN6130_BRG0009,IN6130,2022-1-31,BRG0009,"AMBROXOL HC","5780,7",DUS,5,28900,IDR,BRG0009,BRND009,CUST55518,"APOTEK MERDEKA",Bandung,EPM,Apotek
IN6293_BRG0010,IN6293,2022-2-1,BRG0010,PARACETAMOL,"6940,3",DUS,4,27760,IDR,BRG0010,BRND010,CUST55519,"KLINIK SAHABAT",Tangerang,TD,Klinik
IN6205_BRG0001,IN6205,2022-1-27,BRG0001,"ACYCLOVIR DUS","1169,91",DUS,8,9352,IDR,BRG0001,BRND001,CUST55520,"APOTEK SINAR JAYA",Bekasi,TA,Apotek
IN6325_BRG0002,IN6325,2022-1-28,BRG0002,"ALERGINE TABLET SALUT","2337,5",DUS,9,21033,IDR,BRG0002,BRND002,CUST55521,"APOTEK SAHABAT",Padang,EPM,Apotek
IN6317_BRG0003,IN6317,2022-1-23,BRG0003,AMPICILLIN,"10690,6",DUS,10,106900,IDR,BRG0003,BRND003,CUST55522,"APOTEK TAPAK",Aceh,TD,Apotek
IN6025_BRG0004,IN6025,2022-1-30,BRG0004,"TRAMADOL KAPSUL 50 MG","8700,7",DUS,7,60900,IDR,BRG0004,BRND004,CUST55523,"APOTEK MAJA",Kuningan,TA,Apotek
IN6203_BRG0005,IN6203,2022-1-31,BRG0005,"KLORPROMAZINA TABLET SALUT SELAPUT 100 MG","5648,3",DUS,100,564800,IDR,BRG0005,BRND005,CUST55524,"KLINIK GM",Jakarta,EPM,Klinik
IN6243_BRG0006,IN6243,2022-2-1,BRG0006,"KETOCONAZOLE TABLET 200 MG","2819,2",DUS,67,188873,IDR,BRG0006,BRND006,CUST55525,"APOTEK MERDEKA",Bandung,TD,Apotek
IN6136_BRG0001,IN6136,2022-1-27,BRG0001,"ACYCLOVIR DUS","4592,1",DUS,78,358176,IDR,BRG0001,BRND007,CUST55526,"KLINIK SAHABAT",Tangerang,TD,Klinik
IN6314_BRG0002,IN6314,2022-1-28,BRG0002,"ALERGINE TABLET SALUT","3991,9",DUS,45,179595,IDR,BRG0002,BRND008,CUST55527,"APOTEK SINAR JAYA",Bekasi,TA,Apotek
IN6202_BRG0003,IN6202,2022-1-23,BRG0003,AMPICILLIN,"5780,7",DUS,34,196520,IDR,BRG0003,BRND009,CUST55528,"APOTEK SAHABAT",Padang,EPM,Apotek
IN6279_BRG0004,IN6279,2022-1-30,BRG0004,"TRAMADOL KAPSUL 50 MG","6940,3",DUS,20,138800,IDR,BRG0004,BRND010,CUST55529,"KLINIK DR. ANDRI",Lampung,TD,Klinik
IN6196_BRG0001,IN6196,2022-1-31,BRG0001,"ACYCLOVIR DUS","1169,91",DUS,45,52605,IDR,BRG0001,BRND001,CUST55530,"APOTEK TAPAK",Aceh,TA,Apotek
IN6266_BRG0002,IN6266,2022-2-1,BRG0002,"ALERGINE TABLET SALUT","2337,5",DUS,34,79458,IDR,BRG0002,BRND002,CUST55531,"APOTEK MAJA",Kuningan,EPM,Apotek
IN6058_BRG0003,IN6058,2022-1-27,BRG0003,AMPICILLIN,"10690,6",DUS,34,363460,IDR,BRG0003,BRND003,CUST55532,"KLINIK GM",Jakarta,TD,Klinik
IN6246_BRG0004,IN6246,2022-1-28,BRG0004,"TRAMADOL KAPSUL 50 MG","8700,7",DUS,34,295800,IDR,BRG0004,BRND004,CUST55533,"APOTEK MERDEKA",Bandung,TA,Apotek
IN6242_BRG0005,IN6242,2022-1-23,BRG0005,"KLORPROMAZINA TABLET SALUT SELAPUT 100 MG","5648,3",DUS,44,248512,IDR,BRG0005,BRND005,CUST55534,"KLINIK SAHABAT",Tangerang,EPM,Klinik
IN5982_BRG0006,IN5982,2022-1-30,BRG0006,"KETOCONAZOLE TABLET 200 MG","2819,2",DUS,5,14095,IDR,BRG0006,BRND006,CUST55535,"APOTEK SINAR JAYA",Bekasi,TD,Apotek
IN6068_BRG0007,IN6068,2022-1-31,BRG0007,"ERGOTAMINE COFFEINE","4592,1",DUS,6,27552,IDR,BRG0007,BRND007,CUST55536,"APOTEK SAHABAT",Padang,TD,Apotek
IN6128_BRG0008,IN6128,2022-2-1,BRG0008,"TETRACYCLINE KAPSUL 250 MG","3991,9",DUS,79,315289,IDR,BRG0008,BRND008,CUST55537,"APOTEK TAPAK",Aceh,TA,Apotek
IN6066_BRG0009,IN6066,2022-1-27,BRG0009,"AMBROXOL HC","5780,7",DUS,12,69360,IDR,BRG0009,BRND009,CUST55538,"APOTEK MAJA",Kuningan,EPM,Apotek
IN6303_BRG0010,IN6303,2022-1-28,BRG0010,PARACETAMOL,"6940,3",DUS,95,659300,IDR,BRG0010,BRND010,CUST55539,"KLINIK GM",Jakarta,TD,Klinik
IN6284_BRG0001,IN6284,2022-1-23,BRG0001,"ACYCLOVIR DUS","1169,91",DUS,76,88844,IDR,BRG0001,BRND001,CUST55540,"APOTEK MERDEKA",Bandung,TA,Apotek
IN6240_BRG0002,IN6240,2022-1-30,BRG0002,"ALERGINE TABLET SALUT","2337,5",DUS,48,112176,IDR,BRG0002,BRND002,CUST55541,"KLINIK SAHABAT",Tangerang,EPM,Klinik
IN6244_BRG0003,IN6244,2022-1-31,BRG0003,AMPICILLIN,"10690,6",DUS,21,224490,IDR,BRG0003,BRND003,CUST55542,"APOTEK SINAR JAYA",Bekasi,TD,Apotek
IN6060_BRG0004,IN6060,2022-2-1,BRG0004,"TRAMADOL KAPSUL 50 MG","8700,7",DUS,22,191400,IDR,BRG0004,BRND004,CUST55543,"APOTEK SAHABAT",Padang,TD,Apotek
IN6254_BRG0005,IN6254,2022-2-2,BRG0005,"KLORPROMAZINA TABLET SALUT SELAPUT 100 MG","5648,3",DUS,12,67776,IDR,BRG0005,BRND005,CUST55544,"KLINIK DR. ANDRI",Lampung,TA,Klinik
IN6171_BRG0006,IN6171,2022-2-3,BRG0006,"KETOCONAZOLE TABLET 200 MG","2819,2",DUS,25,70475,IDR,BRG0006,BRND006,CUST55545,"APOTEK TAPAK",Aceh,EPM,Apotek
IN6002_BRG0007,IN6002,2022-2-4,BRG0007,"ERGOTAMINE COFFEINE","4592,1",DUS,14,64288,IDR,BRG0007,BRND007,CUST55546,"APOTEK MAJA",Kuningan,TD,Apotek
IN6261_BRG0008,IN6261,2022-2-5,BRG0008,"TETRACYCLINE KAPSUL 250 MG","3991,9",DUS,24,95784,IDR,BRG0008,BRND008,CUST55547,"KLINIK GM",Jakarta,TA,Klinik
IN6088_BRG0009,IN6088,2022-2-6,BRG0009,"AMBROXOL HC","5780,7",DUS,10,57800,IDR,BRG0009,BRND009,CUST55548,"APOTEK MERDEKA",Bandung,EPM,Apotek
IN6181_BRG0010,IN6181,2022-2-7,BRG0010,PARACETAMOL,"6940,3",DUS,130,902200,IDR,BRG0010,BRND010,CUST55549,"KLINIK SAHABAT",Tangerang,TD,Klinik
IN6135_BRG0001,IN6135,2022-2-8,BRG0001,"ACYCLOVIR DUS","1169,91",DUS,12,14028,IDR,BRG0001,BRND001,CUST55550,"APOTEK SINAR JAYA",Bekasi,TA,Apotek
IN5988_BRG0002,IN5988,2022-2-9,BRG0002,"ALERGINE TABLET SALUT","2337,5",DUS,10,23370,IDR,BRG0002,BRND002,CUST55551,"APOTEK SAHABAT",Padang,EPM,Apotek
IN6234_BRG0003,IN6234,2022-2-10,BRG0003,AMPICILLIN,"10690,6",DUS,67,716230,IDR,BRG0003,BRND003,CUST55552,"APOTEK TAPAK",Aceh,TD,Apotek
IN6319_BRG0004,IN6319,2022-2-11,BRG0004,"TRAMADOL KAPSUL 50 MG","8700,7",DUS,98,852600,IDR,BRG0004,BRND004,CUST55553,"APOTEK MAJA",Kuningan,TD,Apotek
IN6006_BRG0005,IN6006,2022-2-12,BRG0005,"KLORPROMAZINA TABLET SALUT SELAPUT 100 MG","5648,3",DUS,5,28240,IDR,BRG0005,BRND005,CUST55554,"KLINIK GM",Jakarta,TA,Klinik
IN6147_BRG0006,IN6147,2022-2-13,BRG0006,"KETOCONAZOLE TABLET 200 MG","2819,2",DUS,4,11276,IDR,BRG0006,BRND006,CUST55555,"APOTEK MERDEKA",Bandung,EPM,Apotek
IN6129_BRG0001,IN6129,2022-2-14,BRG0001,"ACYCLOVIR DUS","4592,1",DUS,8,36736,IDR,BRG0001,BRND007,CUST55556,"KLINIK SAHABAT",Tangerang,TD,Klinik
IN5986_BRG0002,IN5986,2022-2-15,BRG0002,"ALERGINE TABLET SALUT","3991,9",DUS,9,35919,IDR,BRG0002,BRND008,CUST55557,"APOTEK SINAR JAYA",Bekasi,TA,Apotek
IN6026_BRG0003,IN6026,2022-2-16,BRG0003,AMPICILLIN,"5780,7",DUS,21,121380,IDR,BRG0003,BRND009,CUST55558,"APOTEK SAHABAT",Padang,EPM,Apotek
IN6224_BRG0004,IN6224,2022-2-17,BRG0004,"TRAMADOL KAPSUL 50 MG","6940,3",DUS,22,152680,IDR,BRG0004,BRND010,CUST55559,"KLINIK DR. ANDRI",Lampung,TD,Klinik
IN6087_BRG0001,IN6087,2022-2-18,BRG0001,"ACYCLOVIR DUS","1169,91",DUS,12,14028,IDR,BRG0001,BRND001,CUST55560,"APOTEK TAPAK",Aceh,TA,Apotek
IN6096_BRG0002,IN6096,2022-2-19,BRG0002,"ALERGINE TABLET SALUT","2337,5",DUS,25,58425,IDR,BRG0002,BRND002,CUST55561,"APOTEK MAJA",Kuningan,EPM,Apotek
IN6034_BRG0003,IN6034,2022-2-20,BRG0003,AMPICILLIN,"10690,6",DUS,14,149660,IDR,BRG0003,BRND003,CUST55562,"KLINIK GM",Jakarta,TD,Klinik
IN6231_BRG0004,IN6231,2022-2-21,BRG0004,"TRAMADOL KAPSUL 50 MG","8700,7",DUS,24,208800,IDR,BRG0004,BRND004,CUST55563,"APOTEK MERDEKA",Bandung,TD,Apotek
IN6260_BRG0005,IN6260,2022-2-22,BRG0005,"KLORPROMAZINA TABLET SALUT SELAPUT 100 MG","5648,3",DUS,10,56480,IDR,BRG0005,BRND005,CUST55564,"KLINIK SAHABAT",Tangerang,TA,Klinik
IN6302_BRG0006,IN6302,2022-2-23,BRG0006,"KETOCONAZOLE TABLET 200 MG","2819,2",DUS,120,338280,IDR,BRG0006,BRND006,CUST55565,"APOTEK SINAR JAYA",Bekasi,EPM,Apotek
IN6061_BRG0007,IN6061,2022-2-24,BRG0007,"ERGOTAMINE COFFEINE","4592,1",DUS,12,55104,IDR,BRG0007,BRND007,CUST55566,"APOTEK SAHABAT",Padang,TD,Apotek
IN6011_BRG0008,IN6011,2022-2-25,BRG0008,"TETRACYCLINE KAPSUL 250 MG","3991,9",DUS,10,39910,IDR,BRG0008,BRND008,CUST55567,"APOTEK TAPAK",Aceh,TA,Apotek
IN6275_BRG0009,IN6275,2022-2-26,BRG0009,"AMBROXOL HC","5780,7",DUS,67,387260,IDR,BRG0009,BRND009,CUST55568,"APOTEK MAJA",Kuningan,EPM,Apotek
IN6114_BRG0010,IN6114,2022-2-27,BRG0010,PARACETAMOL,"6940,3",DUS,98,680120,IDR,BRG0010,BRND010,CUST55569,"KLINIK GM",Jakarta,TD,Klinik
IN6041_BRG0001,IN6041,2022-2-28,BRG0001,"ACYCLOVIR DUS","1169,91",DUS,5,5845,IDR,BRG0001,BRND001,CUST55570,"APOTEK MERDEKA",Bandung,TD,Apotek
IN6069_BRG0002,IN6069,2022-3-1,BRG0002,"ALERGINE TABLET SALUT","2337,5",DUS,4,9348,IDR,BRG0002,BRND002,CUST55571,"KLINIK SAHABAT",Tangerang,TA,Klinik
IN6239_BRG0003,IN6239,2022-3-2,BRG0003,AMPICILLIN,"10690,6",DUS,8,85520,IDR,BRG0003,BRND003,CUST55572,"APOTEK SINAR JAYA",Bekasi,EPM,Apotek
IN6137_BRG0004,IN6137,2022-3-3,BRG0004,"TRAMADOL KAPSUL 50 MG","8700,7",DUS,9,78300,IDR,BRG0004,BRND004,CUST55573,"APOTEK SAHABAT",Padang,TD,Apotek
IN6189_BRG0005,IN6189,2022-3-4,BRG0005,"KLORPROMAZINA TABLET SALUT SELAPUT 100 MG","5648,3",DUS,1,5648,IDR,BRG0005,BRND005,CUST55574,"KLINIK DR. ANDRI",Lampung,TA,Klinik
IN6229_BRG0006,IN6229,2022-3-5,BRG0006,"KETOCONAZOLE TABLET 200 MG","2819,2",DUS,5,14095,IDR,BRG0006,BRND006,CUST55575,"APOTEK TAPAK",Aceh,EPM,Apotek
IN6110_BRG0007,IN6110,2022-3-6,BRG0007,"ERGOTAMINE COFFEINE","4592,1",DUS,9,41328,IDR,BRG0007,BRND007,CUST55576,"APOTEK MAJA",Kuningan,TD,Apotek
IN6182_BRG0008,IN6182,2022-3-7,BRG0008,"TETRACYCLINE KAPSUL 250 MG","3991,9",DUS,13,51883,IDR,BRG0008,BRND008,CUST55577,"KLINIK GM",Jakarta,TA,Klinik
IN6164_BRG0009,IN6164,2022-3-8,BRG0009,"AMBROXOL HC","5780,7",DUS,1,5780,IDR,BRG0009,BRND009,CUST55578,"APOTEK MERDEKA",Bandung,EPM,Apotek
IN6016_BRG0010,IN6016,2022-3-9,BRG0010,PARACETAMOL,"6940,3",DUS,5,34700,IDR,BRG0010,BRND010,CUST55579,"KLINIK SAHABAT",Tangerang,TD,Klinik
IN6043_BRG0001,IN6043,2022-3-10,BRG0001,"ACYCLOVIR DUS","1169,91",DUS,9,10521,IDR,BRG0001,BRND001,CUST55580,"APOTEK SINAR JAYA",Bekasi,TD,Apotek
IN6020_BRG0002,IN6020,2022-3-11,BRG0002,"ALERGINE TABLET SALUT","2337,5",DUS,1,2337,IDR,BRG0002,BRND002,CUST55581,"APOTEK SAHABAT",Padang,TA,Apotek
IN6206_BRG0003,IN6206,2022-3-12,BRG0003,AMPICILLIN,"10690,6",DUS,23,245870,IDR,BRG0003,BRND003,CUST55582,"APOTEK TAPAK",Aceh,EPM,Apotek
IN6055_BRG0004,IN6055,2022-3-13,BRG0004,"TRAMADOL KAPSUL 50 MG","8700,7",DUS,4,34800,IDR,BRG0004,BRND004,CUST55583,"APOTEK MAJA",Kuningan,TD,Apotek
IN6092_BRG0005,IN6092,2022-3-14,BRG0005,"KLORPROMAZINA TABLET SALUT SELAPUT 100 MG","5648,3",DUS,2,11296,IDR,BRG0005,BRND005,CUST55584,"KLINIK GM",Jakarta,TA,Klinik
IN6177_BRG0006,IN6177,2022-3-15,BRG0006,"KETOCONAZOLE TABLET 200 MG","2819,2",DUS,17,47923,IDR,BRG0006,BRND006,CUST55585,"APOTEK MERDEKA",Bandung,EPM,Apotek
IN6209_BRG0001,IN6209,2022-3-16,BRG0001,"ACYCLOVIR DUS","4592,1",DUS,11,50512,IDR,BRG0001,BRND007,CUST55586,"KLINIK SAHABAT",Tangerang,TD,Klinik
IN6250_BRG0002,IN6250,2022-3-17,BRG0002,"ALERGINE TABLET SALUT","3991,9",DUS,12,47892,IDR,BRG0002,BRND008,CUST55587,"APOTEK SINAR JAYA",Bekasi,TA,Apotek
IN6193_BRG0003,IN6193,2022-3-18,BRG0003,AMPICILLIN,"5780,7",DUS,12,69360,IDR,BRG0003,BRND009,CUST55588,"APOTEK SAHABAT",Padang,EPM,Apotek
IN6081_BRG0004,IN6081,2022-3-19,BRG0004,"TRAMADOL KAPSUL 50 MG","6940,3",DUS,25,173500,IDR,BRG0004,BRND010,CUST55589,"KLINIK DR. ANDRI",Lampung,TD,Klinik
IN6149_BRG0001,IN6149,2022-3-20,BRG0001,"ACYCLOVIR DUS","1169,91",DUS,14,16366,IDR,BRG0001,BRND001,CUST55590,"APOTEK TAPAK",Aceh,TD,Apotek
IN6014_BRG0002,IN6014,2022-3-21,BRG0002,"ALERGINE TABLET SALUT","2337,5",DUS,34,79458,IDR,BRG0002,BRND002,CUST55591,"APOTEK MAJA",Kuningan,TA,Apotek
IN6290_BRG0003,IN6290,2022-3-22,BRG0003,AMPICILLIN,"10690,6",DUS,67,716230,IDR,BRG0003,BRND003,CUST55592,"KLINIK GM",Jakarta,EPM,Klinik
IN6051_BRG0004,IN6051,2022-3-23,BRG0004,"TRAMADOL KAPSUL 50 MG","8700,7",DUS,15,130500,IDR,BRG0004,BRND004,CUST55593,"APOTEK MERDEKA",Bandung,TD,Apotek
IN6076_BRG0005,IN6076,2022-3-24,BRG0005,"KLORPROMAZINA TABLET SALUT SELAPUT 100 MG","5648,3",DUS,12,67776,IDR,BRG0005,BRND005,CUST55594,"KLINIK SAHABAT",Tangerang,TA,Klinik
IN6140_BRG0006,IN6140,2022-3-25,BRG0006,"KETOCONAZOLE TABLET 200 MG","2819,2",DUS,25,70475,IDR,BRG0006,BRND006,CUST55595,"APOTEK SINAR JAYA",Bekasi,EPM,Apotek
IN6080_BRG0007,IN6080,2022-3-26,BRG0007,"ERGOTAMINE COFFEINE","4592,1",DUS,14,64288,IDR,BRG0007,BRND007,CUST55596,"APOTEK SAHABAT",Padang,TD,Apotek
IN6153_BRG0008,IN6153,2022-3-27,BRG0008,"TETRACYCLINE KAPSUL 250 MG","3991,9",DUS,18,71838,IDR,BRG0008,BRND008,CUST55597,"APOTEK TAPAK",Aceh,TD,Apotek
IN5979_BRG0009,IN5979,2022-3-28,BRG0009,"AMBROXOL HC","5780,7",DUS,18,104040,IDR,BRG0009,BRND009,CUST55598,"APOTEK MAJA",Kuningan,TA,Apotek
IN6098_BRG0010,IN6098,2022-3-29,BRG0010,PARACETAMOL,"6940,3",DUS,19,131860,IDR,BRG0010,BRND010,CUST55599,"KLINIK GM",Jakarta,EPM,Klinik
IN6078_BRG0001,IN6078,2022-3-30,BRG0001,"ACYCLOVIR DUS","1169,91",DUS,12,14028,IDR,BRG0001,BRND001,CUST55600,"APOTEK MERDEKA",Bandung,TD,Apotek
IN6085_BRG0002,IN6085,2022-3-31,BRG0002,"ALERGINE TABLET SALUT","2337,5",DUS,25,58425,IDR,BRG0002,BRND002,CUST55601,"KLINIK SAHABAT",Tangerang,TA,Klinik
IN6018_BRG0003,IN6018,2022-4-1,BRG0003,AMPICILLIN,"10690,6",DUS,14,149660,IDR,BRG0003,BRND003,CUST55602,"APOTEK SINAR JAYA",Bekasi,EPM,Apotek
IN6001_BRG0004,IN6001,2022-4-2,BRG0004,"TRAMADOL KAPSUL 50 MG","8700,7",DUS,21,182700,IDR,BRG0004,BRND004,CUST55603,"APOTEK SAHABAT",Padang,TD,Apotek
IN6271_BRG0005,IN6271,2022-4-3,BRG0005,"KLORPROMAZINA TABLET SALUT SELAPUT 100 MG","5648,3",DUS,22,124256,IDR,BRG0005,BRND005,CUST55604,"KLINIK DR. ANDRI",Lampung,TA,Klinik
IN6207_BRG0006,IN6207,2022-4-4,BRG0006,"KETOCONAZOLE TABLET 200 MG","2819,2",DUS,12,33828,IDR,BRG0006,BRND006,CUST55605,"APOTEK TAPAK",Aceh,EPM,Apotek
IN6187_BRG0007,IN6187,2022-4-5,BRG0007,"ERGOTAMINE COFFEINE","4592,1",DUS,25,114800,IDR,BRG0007,BRND007,CUST55606,"APOTEK MAJA",Kuningan,TD,Apotek
IN5995_BRG0008,IN5995,2022-4-6,BRG0008,"TETRACYCLINE KAPSUL 250 MG","3991,9",DUS,14,55874,IDR,BRG0008,BRND008,CUST55607,"KLINIK GM",Jakarta,TD,Klinik
IN6156_BRG0009,IN6156,2022-4-7,BRG0009,"AMBROXOL HC","5780,7",DUS,24,138720,IDR,BRG0009,BRND009,CUST55608,"APOTEK MERDEKA",Bandung,TA,Apotek
IN6232_BRG0010,IN6232,2022-4-8,BRG0010,PARACETAMOL,"6940,3",DUS,10,69400,IDR,BRG0010,BRND010,CUST55609,"KLINIK SAHABAT",Tangerang,EPM,Klinik
IN5998_BRG0001,IN5998,2022-4-9,BRG0001,"ACYCLOVIR DUS","1169,91",DUS,23,26887,IDR,BRG0001,BRND001,CUST55610,"APOTEK SINAR JAYA",Bekasi,TD,Apotek
IN6227_BRG0002,IN6227,2022-4-10,BRG0002,"ALERGINE TABLET SALUT","2337,5",DUS,12,28044,IDR,BRG0002,BRND002,CUST55611,"APOTEK SAHABAT",Padang,TA,Apotek
IN6027_BRG0003,IN6027,2022-4-11,BRG0003,AMPICILLIN,"10690,6",DUS,10,106900,IDR,BRG0003,BRND003,CUST55612,"APOTEK TAPAK",Aceh,EPM,Apotek
IN6157_BRG0004,IN6157,2022-4-12,BRG0004,"TRAMADOL KAPSUL 50 MG","8700,7",DUS,67,582900,IDR,BRG0004,BRND004,CUST55613,"APOTEK MAJA",Kuningan,TD,Apotek
IN6180_BRG0005,IN6180,2022-4-13,BRG0005,"KLORPROMAZINA TABLET SALUT SELAPUT 100 MG","5648,3",DUS,98,553504,IDR,BRG0005,BRND005,CUST55614,"KLINIK GM",Jakarta,TA,Klinik
IN6257_BRG0006,IN6257,2022-4-14,BRG0006,"KETOCONAZOLE TABLET 200 MG","2819,2",DUS,5,14095,IDR,BRG0006,BRND006,CUST55615,"APOTEK MERDEKA",Bandung,EPM,Apotek
IN6031_BRG0001,IN6031,2022-4-15,BRG0001,"ACYCLOVIR DUS","4592,1",DUS,4,18368,IDR,BRG0001,BRND007,CUST55616,"KLINIK SAHABAT",Tangerang,TD,Klinik
IN6082_BRG0002,IN6082,2022-4-16,BRG0002,"ALERGINE TABLET SALUT","3991,9",DUS,8,31928,IDR,BRG0002,BRND008,CUST55617,"APOTEK SINAR JAYA",Bekasi,TD,Apotek
IN6174_BRG0003,IN6174,2022-4-17,BRG0003,AMPICILLIN,"5780,7",DUS,9,52020,IDR,BRG0003,BRND009,CUST55618,"APOTEK SAHABAT",Padang,TA,Apotek
IN6237_BRG0004,IN6237,2022-4-18,BRG0004,"TRAMADOL KAPSUL 50 MG","6940,3",DUS,10,69400,IDR,BRG0004,BRND010,CUST55619,"KLINIK DR. ANDRI",Lampung,EPM,Klinik
IN6021_BRG0001,IN6021,2022-4-19,BRG0001,"ACYCLOVIR DUS","1169,91",DUS,7,8183,IDR,BRG0001,BRND001,CUST55620,"APOTEK TAPAK",Aceh,TD,Apotek
IN6056_BRG0002,IN6056,2022-4-20,BRG0002,"ALERGINE TABLET SALUT","2337,5",DUS,100,233700,IDR,BRG0002,BRND002,CUST55621,"APOTEK MAJA",Kuningan,TA,Apotek
IN5983_BRG0003,IN5983,2022-4-21,BRG0003,AMPICILLIN,"10690,6",DUS,67,716230,IDR,BRG0003,BRND003,CUST55622,"KLINIK GM",Jakarta,EPM,Klinik
IN6139_BRG0004,IN6139,2022-4-22,BRG0004,"TRAMADOL KAPSUL 50 MG","8700,7",DUS,78,678600,IDR,BRG0004,BRND004,CUST55623,"APOTEK MERDEKA",Bandung,TD,Apotek
IN6126_BRG0005,IN6126,2022-4-23,BRG0005,"KLORPROMAZINA TABLET SALUT SELAPUT 100 MG","5648,3",DUS,45,254160,IDR,BRG0005,BRND005,CUST55624,"KLINIK SAHABAT",Tangerang,TD,Klinik
IN6127_BRG0006,IN6127,2022-4-24,BRG0006,"KETOCONAZOLE TABLET 200 MG","2819,2",DUS,34,95846,IDR,BRG0006,BRND006,CUST55625,"APOTEK SINAR JAYA",Bekasi,TA,Apotek
IN6035_BRG0007,IN6035,2022-4-25,BRG0007,"ERGOTAMINE COFFEINE","4592,1",DUS,20,91840,IDR,BRG0007,BRND007,CUST55626,"APOTEK SAHABAT",Padang,EPM,Apotek
IN6309_BRG0008,IN6309,2022-4-26,BRG0008,"TETRACYCLINE KAPSUL 250 MG","3991,9",DUS,45,179595,IDR,BRG0008,BRND008,CUST55627,"APOTEK TAPAK",Aceh,TD,Apotek
IN6073_BRG0009,IN6073,2022-4-27,BRG0009,"AMBROXOL HC","5780,7",DUS,34,196520,IDR,BRG0009,BRND009,CUST55628,"APOTEK MAJA",Kuningan,TA,Apotek
IN6277_BRG0010,IN6277,2022-4-28,BRG0010,PARACETAMOL,"6940,3",DUS,34,235960,IDR,BRG0010,BRND010,CUST55629,"KLINIK GM",Jakarta,EPM,Klinik
IN6197_BRG0001,IN6197,2022-4-29,BRG0001,"ACYCLOVIR DUS","1169,91",DUS,34,39746,IDR,BRG0001,BRND001,CUST55630,"APOTEK MERDEKA",Bandung,TD,Apotek
IN6225_BRG0002,IN6225,2022-4-30,BRG0002,"ALERGINE TABLET SALUT","2337,5",DUS,44,102828,IDR,BRG0002,BRND002,CUST55631,"KLINIK SAHABAT",Tangerang,TA,Klinik
IN5999_BRG0003,IN5999,2022-5-1,BRG0003,AMPICILLIN,"10690,6",DUS,5,53450,IDR,BRG0003,BRND003,CUST55632,"APOTEK SINAR JAYA",Bekasi,EPM,Apotek
IN6223_BRG0004,IN6223,2022-5-2,BRG0004,"TRAMADOL KAPSUL 50 MG","8700,7",DUS,6,52200,IDR,BRG0004,BRND004,CUST55633,"APOTEK SAHABAT",Padang,TD,Apotek
IN6273_BRG0005,IN6273,2022-5-3,BRG0005,"KLORPROMAZINA TABLET SALUT SELAPUT 100 MG","5648,3",DUS,79,446192,IDR,BRG0005,BRND005,CUST55634,"KLINIK DR. ANDRI",Lampung,TD,Klinik
IN6047_BRG0006,IN6047,2022-4-26,BRG0006,"KETOCONAZOLE TABLET 200 MG","2819,2",DUS,12,33828,IDR,BRG0006,BRND006,CUST55635,"APOTEK TAPAK",Aceh,TA,Apotek
IN6071_BRG0007,IN6071,2022-4-27,BRG0007,"ERGOTAMINE COFFEINE","4592,1",DUS,95,436240,IDR,BRG0007,BRND007,CUST55636,"APOTEK MAJA",Kuningan,EPM,Apotek
IN6009_BRG0008,IN6009,2022-4-28,BRG0008,"TETRACYCLINE KAPSUL 250 MG","3991,9",DUS,76,303316,IDR,BRG0008,BRND008,CUST55637,"KLINIK GM",Jakarta,TD,Klinik
IN6075_BRG0009,IN6075,2022-4-16,BRG0009,"AMBROXOL HC","5780,7",DUS,48,277440,IDR,BRG0009,BRND009,CUST55638,"APOTEK MERDEKA",Bandung,TA,Apotek
IN6218_BRG0010,IN6218,2022-4-17,BRG0010,PARACETAMOL,"6940,3",DUS,21,145740,IDR,BRG0010,BRND010,CUST55639,"KLINIK SAHABAT",Tangerang,EPM,Klinik
IN5985_BRG0001,IN5985,2022-4-18,BRG0001,"ACYCLOVIR DUS","1169,91",DUS,22,25718,IDR,BRG0001,BRND001,CUST55640,"APOTEK SINAR JAYA",Bekasi,TD,Apotek
IN6154_BRG0002,IN6154,2022-4-19,BRG0002,"ALERGINE TABLET SALUT","2337,5",DUS,12,28044,IDR,BRG0002,BRND002,CUST55641,"APOTEK SAHABAT",Padang,TA,Apotek
IN6145_BRG0003,IN6145,2022-4-20,BRG0003,AMPICILLIN,"10690,6",DUS,25,267250,IDR,BRG0003,BRND003,CUST55642,"APOTEK TAPAK",Aceh,EPM,Apotek
IN6315_BRG0004,IN6315,2022-4-21,BRG0004,"TRAMADOL KAPSUL 50 MG","8700,7",DUS,14,121800,IDR,BRG0004,BRND004,CUST55643,"APOTEK MAJA",Kuningan,TD,Apotek
IN6168_BRG0005,IN6168,2022-5-13,BRG0005,"KLORPROMAZINA TABLET SALUT SELAPUT 100 MG","5648,3",DUS,24,135552,IDR,BRG0005,BRND005,CUST55644,"KLINIK GM",Jakarta,TD,Klinik
IN6192_BRG0006,IN6192,2022-5-14,BRG0006,"KETOCONAZOLE TABLET 200 MG","2819,2",DUS,10,28190,IDR,BRG0006,BRND006,CUST55645,"APOTEK MERDEKA",Bandung,TA,Apotek
IN6285_BRG0001,IN6285,2022-5-15,BRG0001,"ACYCLOVIR DUS","4592,1",DUS,130,596960,IDR,BRG0001,BRND007,CUST55646,"KLINIK SAHABAT",Tangerang,EPM,Klinik
IN6077_BRG0002,IN6077,2022-5-16,BRG0002,"ALERGINE TABLET SALUT","3991,9",DUS,12,47892,IDR,BRG0002,BRND008,CUST55647,"APOTEK SINAR JAYA",Bekasi,TD,Apotek
IN6057_BRG0003,IN6057,2022-5-17,BRG0003,AMPICILLIN,"5780,7",DUS,10,57800,IDR,BRG0003,BRND009,CUST55648,"APOTEK SAHABAT",Padang,TA,Apotek
IN6252_BRG0004,IN6252,2022-5-18,BRG0004,"TRAMADOL KAPSUL 50 MG","6940,3",DUS,67,464980,IDR,BRG0004,BRND010,CUST55649,"KLINIK DR. ANDRI",Lampung,EPM,Klinik
IN6272_BRG0001,IN6272,2022-5-19,BRG0001,"ACYCLOVIR DUS","1169,91",DUS,98,114562,IDR,BRG0001,BRND001,CUST55650,"APOTEK TAPAK",Aceh,TD,Apotek
IN6150_BRG0002,IN6150,2022-5-20,BRG0002,"ALERGINE TABLET SALUT","2337,5",DUS,5,11685,IDR,BRG0002,BRND002,CUST55651,"APOTEK MAJA",Kuningan,TD,Apotek
IN6298_BRG0003,IN6298,2022-5-21,BRG0003,AMPICILLIN,"10690,6",DUS,4,42760,IDR,BRG0003,BRND003,CUST55652,"KLINIK GM",Jakarta,TA,Klinik
IN6295_BRG0004,IN6295,2022-5-22,BRG0004,"TRAMADOL KAPSUL 50 MG","8700,7",DUS,8,69600,IDR,BRG0004,BRND004,CUST55653,"APOTEK MERDEKA",Bandung,EPM,Apotek
IN6022_BRG0005,IN6022,2022-5-23,BRG0005,"KLORPROMAZINA TABLET SALUT SELAPUT 100 MG","5648,3",DUS,9,50832,IDR,BRG0005,BRND005,CUST55654,"KLINIK SAHABAT",Tangerang,TD,Klinik
IN6090_BRG0006,IN6090,2022-5-24,BRG0006,"KETOCONAZOLE TABLET 200 MG","2819,2",DUS,21,59199,IDR,BRG0006,BRND006,CUST55655,"APOTEK SINAR JAYA",Bekasi,TA,Apotek
IN5996_BRG0007,IN5996,2022-5-25,BRG0007,"ERGOTAMINE COFFEINE","4592,1",DUS,22,101024,IDR,BRG0007,BRND007,CUST55656,"APOTEK SAHABAT",Padang,EPM,Apotek
IN6111_BRG0008,IN6111,2022-5-26,BRG0008,"TETRACYCLINE KAPSUL 250 MG","3991,9",DUS,12,47892,IDR,BRG0008,BRND008,CUST55657,"APOTEK TAPAK",Aceh,TD,Apotek
IN6194_BRG0009,IN6194,2022-4-18,BRG0009,"AMBROXOL HC","5780,7",DUS,25,144500,IDR,BRG0009,BRND009,CUST55658,"APOTEK MAJA",Kuningan,TA,Apotek
IN5987_BRG0010,IN5987,2022-4-19,BRG0010,PARACETAMOL,"6940,3",DUS,14,97160,IDR,BRG0010,BRND010,CUST55659,"KLINIK GM",Jakarta,EPM,Klinik
IN6313_BRG0001,IN6313,2022-4-20,BRG0001,"ACYCLOVIR DUS","1169,91",DUS,24,28056,IDR,BRG0001,BRND001,CUST55660,"APOTEK MERDEKA",Bandung,TD,Apotek
IN6138_BRG0002,IN6138,2022-4-18,BRG0002,"ALERGINE TABLET SALUT","2337,5",DUS,10,23370,IDR,BRG0002,BRND002,CUST55661,"KLINIK SAHABAT",Tangerang,TD,Klinik
IN6316_BRG0003,IN6316,2022-4-19,BRG0003,AMPICILLIN,"10690,6",DUS,120,1282800,IDR,BRG0003,BRND003,CUST55662,"APOTEK SINAR JAYA",Bekasi,TA,Apotek
IN6019_BRG0004,IN6019,2022-4-20,BRG0004,"TRAMADOL KAPSUL 50 MG","8700,7",DUS,12,104400,IDR,BRG0004,BRND004,CUST55663,"APOTEK SAHABAT",Padang,EPM,Apotek
IN6283_BRG0005,IN6283,2022-5-19,BRG0005,"KLORPROMAZINA TABLET SALUT SELAPUT 100 MG","5648,3",DUS,10,56480,IDR,BRG0005,BRND005,CUST55664,"KLINIK DR. ANDRI",Lampung,TD,Klinik
IN6169_BRG0006,IN6169,2022-5-20,BRG0006,"KETOCONAZOLE TABLET 200 MG","2819,2",DUS,67,188873,IDR,BRG0006,BRND006,CUST55665,"APOTEK TAPAK",Aceh,TA,Apotek
IN6121_BRG0007,IN6121,2022-5-21,BRG0007,"ERGOTAMINE COFFEINE","4592,1",DUS,98,450016,IDR,BRG0007,BRND007,CUST55666,"APOTEK MAJA",Kuningan,EPM,Apotek
IN6117_BRG0008,IN6117,2022-5-22,BRG0008,"TETRACYCLINE KAPSUL 250 MG","3991,9",DUS,5,19955,IDR,BRG0008,BRND008,CUST55667,"KLINIK GM",Jakarta,TD,Klinik
IN6201_BRG0009,IN6201,2022-5-23,BRG0009,"AMBROXOL HC","5780,7",DUS,4,23120,IDR,BRG0009,BRND009,CUST55668,"APOTEK MERDEKA",Bandung,TA,Apotek
IN6179_BRG0010,IN6179,2022-5-24,BRG0010,PARACETAMOL,"6940,3",DUS,8,55520,IDR,BRG0010,BRND010,CUST55669,"KLINIK SAHABAT",Tangerang,EPM,Klinik
IN5978_BRG0001,IN5978,2022-5-25,BRG0001,"ACYCLOVIR DUS","1169,91",DUS,9,10521,IDR,BRG0001,BRND001,CUST55670,"APOTEK SINAR JAYA",Bekasi,TD,Apotek
IN5993_BRG0002,IN5993,2022-5-26,BRG0002,"ALERGINE TABLET SALUT","2337,5",DUS,1,2337,IDR,BRG0002,BRND002,CUST55671,"APOTEK SAHABAT",Padang,TD,Apotek
IN6160_BRG0003,IN6160,2022-5-27,BRG0003,AMPICILLIN,"10690,6",DUS,5,53450,IDR,BRG0003,BRND003,CUST55672,"APOTEK TAPAK",Aceh,TA,Apotek
IN6282_BRG0004,IN6282,2022-5-28,BRG0004,"TRAMADOL KAPSUL 50 MG","8700,7",DUS,9,78300,IDR,BRG0004,BRND004,CUST55673,"APOTEK MAJA",Kuningan,EPM,Apotek
IN6093_BRG0005,IN6093,2022-5-29,BRG0005,"KLORPROMAZINA TABLET SALUT SELAPUT 100 MG","5648,3",DUS,13,73424,IDR,BRG0005,BRND005,CUST55674,"KLINIK GM",Jakarta,TD,Klinik
IN6166_BRG0006,IN6166,2022-5-30,BRG0006,"KETOCONAZOLE TABLET 200 MG","2819,2",DUS,1,2819,IDR,BRG0006,BRND006,CUST55675,"APOTEK MERDEKA",Bandung,TA,Apotek
IN6010_BRG0001,IN6010,2022-5-31,BRG0001,"ACYCLOVIR DUS","4592,1",DUS,5,22960,IDR,BRG0001,BRND007,CUST55676,"KLINIK SAHABAT",Tangerang,EPM,Klinik
IN6100_BRG0002,IN6100,2022-6-1,BRG0002,"ALERGINE TABLET SALUT","3991,9",DUS,9,35919,IDR,BRG0002,BRND008,CUST55677,"APOTEK SINAR JAYA",Bekasi,TD,Apotek
IN6222_BRG0003,IN6222,2022-6-2,BRG0003,AMPICILLIN,"5780,7",DUS,1,5780,IDR,BRG0003,BRND009,CUST55678,"APOTEK SAHABAT",Padang,TD,Apotek
IN6032_BRG0004,IN6032,2022-6-3,BRG0004,"TRAMADOL KAPSUL 50 MG","6940,3",DUS,23,159620,IDR,BRG0004,BRND010,CUST55679,"KLINIK DR. ANDRI",Lampung,TA,Klinik
IN6198_BRG0001,IN6198,2022-6-4,BRG0001,"ACYCLOVIR DUS","1169,91",DUS,4,4676,IDR,BRG0001,BRND001,CUST55680,"APOTEK TAPAK",Aceh,EPM,Apotek
IN6212_BRG0002,IN6212,2022-6-5,BRG0002,"ALERGINE TABLET SALUT","2337,5",DUS,2,4674,IDR,BRG0002,BRND002,CUST55681,"APOTEK MAJA",Kuningan,TD,Apotek
IN6288_BRG0003,IN6288,2022-6-6,BRG0003,AMPICILLIN,"10690,6",DUS,17,181730,IDR,BRG0003,BRND003,CUST55682,"KLINIK GM",Jakarta,TA,Klinik
IN6059_BRG0004,IN6059,2022-6-7,BRG0004,"TRAMADOL KAPSUL 50 MG","8700,7",DUS,11,95700,IDR,BRG0004,BRND004,CUST55683,"APOTEK MERDEKA",Bandung,EPM,Apotek
IN6236_BRG0005,IN6236,2022-6-8,BRG0005,"KLORPROMAZINA TABLET SALUT SELAPUT 100 MG","5648,3",DUS,12,67776,IDR,BRG0005,BRND005,CUST55684,"KLINIK SAHABAT",Tangerang,TD,Klinik
IN6296_BRG0006,IN6296,2022-6-9,BRG0006,"KETOCONAZOLE TABLET 200 MG","2819,2",DUS,12,33828,IDR,BRG0006,BRND006,CUST55685,"APOTEK SINAR JAYA",Bekasi,TA,Apotek
IN6324_BRG0007,IN6324,2022-6-10,BRG0007,"ERGOTAMINE COFFEINE","4592,1",DUS,25,114800,IDR,BRG0007,BRND007,CUST55686,"APOTEK SAHABAT",Padang,EPM,Apotek
IN6091_BRG0008,IN6091,2022-6-11,BRG0008,"TETRACYCLINE KAPSUL 250 MG","3991,9",DUS,14,55874,IDR,BRG0008,BRND008,CUST55687,"APOTEK TAPAK",Aceh,TD,Apotek
IN6033_BRG0009,IN6033,2022-6-12,BRG0009,"AMBROXOL HC","5780,7",DUS,34,196520,IDR,BRG0009,BRND009,CUST55688,"APOTEK MAJA",Kuningan,TD,Apotek
IN6159_BRG0010,IN6159,2022-6-13,BRG0010,PARACETAMOL,"6940,3",DUS,67,464980,IDR,BRG0010,BRND010,CUST55689,"KLINIK GM",Jakarta,TA,Klinik
IN6264_BRG0001,IN6264,2022-6-14,BRG0001,"ACYCLOVIR DUS","1169,91",DUS,15,17535,IDR,BRG0001,BRND001,CUST55690,"APOTEK MERDEKA",Bandung,EPM,Apotek
IN6046_BRG0002,IN6046,2022-6-15,BRG0002,"ALERGINE TABLET SALUT","2337,5",DUS,12,28044,IDR,BRG0002,BRND002,CUST55691,"KLINIK SAHABAT",Tangerang,TD,Klinik
IN6268_BRG0003,IN6268,2022-6-16,BRG0003,AMPICILLIN,"10690,6",DUS,25,267250,IDR,BRG0003,BRND003,CUST55692,"APOTEK SINAR JAYA",Bekasi,TA,Apotek
IN6310_BRG0004,IN6310,2022-4-30,BRG0004,"TRAMADOL KAPSUL 50 MG","8700,7",DUS,14,121800,IDR,BRG0004,BRND004,CUST55693,"APOTEK SAHABAT",Padang,EPM,Apotek
IN6044_BRG0005,IN6044,2022-5-1,BRG0005,"KLORPROMAZINA TABLET SALUT SELAPUT 100 MG","5648,3",DUS,18,101664,IDR,BRG0005,BRND005,CUST55694,"KLINIK DR. ANDRI",Lampung,TD,Klinik
IN6178_BRG0006,IN6178,2022-5-2,BRG0006,"KETOCONAZOLE TABLET 200 MG","2819,2",DUS,18,50742,IDR,BRG0006,BRND006,CUST55695,"APOTEK TAPAK",Aceh,TA,Apotek
IN6270_BRG0007,IN6270,2022-5-3,BRG0007,"ERGOTAMINE COFFEINE","4592,1",DUS,19,87248,IDR,BRG0007,BRND007,CUST55696,"APOTEK MAJA",Kuningan,EPM,Apotek
IN6123_BRG0008,IN6123,2022-6-16,BRG0008,"TETRACYCLINE KAPSUL 250 MG","3991,9",DUS,12,47892,IDR,BRG0008,BRND008,CUST55697,"KLINIK GM",Jakarta,TD,Klinik
IN6265_BRG0009,IN6265,2022-4-30,BRG0009,"AMBROXOL HC","5780,7",DUS,25,144500,IDR,BRG0009,BRND009,CUST55698,"APOTEK MERDEKA",Bandung,TD,Apotek
IN6158_BRG0010,IN6158,2022-5-1,BRG0010,PARACETAMOL,"6940,3",DUS,14,97160,IDR,BRG0010,BRND010,CUST55699,"KLINIK SAHABAT",Tangerang,TA,Klinik
IN6105_BRG0001,IN6105,2022-5-2,BRG0001,"ACYCLOVIR DUS","1169,91",DUS,21,24549,IDR,BRG0001,BRND001,CUST55700,"APOTEK SINAR JAYA",Bekasi,EPM,Apotek
IN6213_BRG0002,IN6213,2022-5-3,BRG0002,"ALERGINE TABLET SALUT","2337,5",DUS,22,51414,IDR,BRG0002,BRND002,CUST55701,"APOTEK SAHABAT",Padang,TD,Apotek
IN6109_BRG0003,IN6109,2022-6-16,BRG0003,AMPICILLIN,"10690,6",DUS,12,128280,IDR,BRG0003,BRND003,CUST55702,"APOTEK TAPAK",Aceh,TA,Apotek
IN6249_BRG0004,IN6249,2022-4-30,BRG0004,"TRAMADOL KAPSUL 50 MG","8700,7",DUS,25,217500,IDR,BRG0004,BRND004,CUST55703,"APOTEK MAJA",Kuningan,EPM,Apotek
IN6067_BRG0005,IN6067,2022-5-1,BRG0005,"KLORPROMAZINA TABLET SALUT SELAPUT 100 MG","5648,3",DUS,14,79072,IDR,BRG0005,BRND005,CUST55704,"KLINIK GM",Jakarta,TD,Klinik
IN6143_BRG0006,IN6143,2022-5-2,BRG0006,"KETOCONAZOLE TABLET 200 MG","2819,2",DUS,24,67656,IDR,BRG0006,BRND006,CUST55705,"APOTEK MERDEKA",Bandung,TD,Apotek
IN5990_BRG0001,IN5990,2022-5-3,BRG0001,"ACYCLOVIR DUS","4592,1",DUS,10,45920,IDR,BRG0001,BRND007,CUST55706,"KLINIK SAHABAT",Tangerang,TA,Klinik
IN5992_BRG0002,IN5992,2022-6-16,BRG0002,"ALERGINE TABLET SALUT","3991,9",DUS,23,91793,IDR,BRG0002,BRND008,CUST55707,"APOTEK SINAR JAYA",Bekasi,EPM,Apotek
IN6132_BRG0003,IN6132,2022-4-30,BRG0003,AMPICILLIN,"5780,7",DUS,12,69360,IDR,BRG0003,BRND009,CUST55708,"APOTEK SAHABAT",Padang,TD,Apotek
IN6030_BRG0004,IN6030,2022-5-1,BRG0004,"TRAMADOL KAPSUL 50 MG","6940,3",DUS,10,69400,IDR,BRG0004,BRND010,CUST55709,"KLINIK DR. ANDRI",Lampung,TA,Klinik
IN6094_BRG0001,IN6094,2022-5-2,BRG0001,"ACYCLOVIR DUS","1169,91",DUS,67,78323,IDR,BRG0001,BRND001,CUST55710,"APOTEK TAPAK",Aceh,EPM,Apotek
IN6294_BRG0002,IN6294,2022-5-3,BRG0002,"ALERGINE TABLET SALUT","2337,5",DUS,98,229026,IDR,BRG0002,BRND002,CUST55711,"APOTEK MAJA",Kuningan,TD,Apotek
IN6012_BRG0003,IN6012,2022-6-16,BRG0003,AMPICILLIN,"10690,6",DUS,5,53450,IDR,BRG0003,BRND003,CUST55712,"KLINIK GM",Jakarta,TA,Klinik
IN6106_BRG0004,IN6106,2022-4-30,BRG0004,"TRAMADOL KAPSUL 50 MG","8700,7",DUS,4,34800,IDR,BRG0004,BRND004,CUST55713,"APOTEK MERDEKA",Bandung,EPM,Apotek
IN5984_BRG0005,IN5984,2022-5-1,BRG0005,"KLORPROMAZINA TABLET SALUT SELAPUT 100 MG","5648,3",DUS,8,45184,IDR,BRG0005,BRND005,CUST55714,"KLINIK SAHABAT",Tangerang,TD,Klinik
IN6007_BRG0006,IN6007,2022-5-2,BRG0006,"KETOCONAZOLE TABLET 200 MG","2819,2",DUS,9,25371,IDR,BRG0006,BRND006,CUST55715,"APOTEK SINAR JAYA",Bekasi,TD,Apotek
IN6115_BRG0007,IN6115,2022-5-3,BRG0007,"ERGOTAMINE COFFEINE","4592,1",DUS,10,45920,IDR,BRG0007,BRND007,CUST55716,"APOTEK SAHABAT",Padang,TA,Apotek
IN6000_BRG0008,IN6000,2022-6-16,BRG0008,"TETRACYCLINE KAPSUL 250 MG","3991,9",DUS,7,27937,IDR,BRG0008,BRND008,CUST55717,"APOTEK TAPAK",Aceh,EPM,Apotek
IN6097_BRG0009,IN6097,2022-4-30,BRG0009,"AMBROXOL HC","5780,7",DUS,100,578000,IDR,BRG0009,BRND009,CUST55718,"APOTEK MAJA",Kuningan,TD,Apotek
IN5989_BRG0010,IN5989,2022-5-1,BRG0010,PARACETAMOL,"6940,3",DUS,67,464980,IDR,BRG0010,BRND010,CUST55719,"KLINIK GM",Jakarta,TA,Klinik
IN6151_BRG0001,IN6151,2022-5-2,BRG0001,"ACYCLOVIR DUS","1169,91",DUS,78,91182,IDR,BRG0001,BRND001,CUST55720,"APOTEK MERDEKA",Bandung,EPM,Apotek
IN6037_BRG0002,IN6037,2022-5-3,BRG0002,"ALERGINE TABLET SALUT","2337,5",DUS,45,105165,IDR,BRG0002,BRND002,CUST55721,"KLINIK SAHABAT",Tangerang,TD,Klinik
IN6165_BRG0003,IN6165,2022-6-16,BRG0003,AMPICILLIN,"10690,6",DUS,34,363460,IDR,BRG0003,BRND003,CUST55722,"APOTEK SINAR JAYA",Bekasi,TA,Apotek
IN6101_BRG0004,IN6101,2022-4-30,BRG0004,"TRAMADOL KAPSUL 50 MG","8700,7",DUS,20,174000,IDR,BRG0004,BRND004,CUST55723,"APOTEK SAHABAT",Padang,EPM,Apotek
IN6142_BRG0005,IN6142,2022-5-1,BRG0005,"KLORPROMAZINA TABLET SALUT SELAPUT 100 MG","5648,3",DUS,45,254160,IDR,BRG0005,BRND005,CUST55724,"KLINIK DR. ANDRI",Lampung,TD,Klinik
IN6312_BRG0006,IN6312,2022-5-2,BRG0006,"KETOCONAZOLE TABLET 200 MG","2819,2",DUS,34,95846,IDR,BRG0006,BRND006,CUST55725,"APOTEK TAPAK",Aceh,TD,Apotek
IN6112_BRG0007,IN6112,2022-5-3,BRG0007,"ERGOTAMINE COFFEINE","4592,1",DUS,34,156128,IDR,BRG0007,BRND007,CUST55726,"APOTEK MAJA",Kuningan,TA,Apotek
IN6204_BRG0008,IN6204,2022-6-16,BRG0008,"TETRACYCLINE KAPSUL 250 MG","3991,9",DUS,34,135694,IDR,BRG0008,BRND008,CUST55727,"KLINIK GM",Jakarta,EPM,Klinik
IN6304_BRG0009,IN6304,2022-4-30,BRG0009,"AMBROXOL HC","5780,7",DUS,44,254320,IDR,BRG0009,BRND009,CUST55728,"APOTEK MERDEKA",Bandung,TD,Apotek
IN6004_BRG0010,IN6004,2022-5-1,BRG0010,PARACETAMOL,"6940,3",DUS,5,34700,IDR,BRG0010,BRND010,CUST55729,"KLINIK SAHABAT",Tangerang,TA,Klinik
